R,G,B,Label,Confidence
177,189,160,green,good
121,21,174,purple,perfect
186,192,36,yellow,good
237,197,76,orange,good
214,69,247,purple,good
1,1,1,black,perfect
246,255,193,yellow,good
153,172,160,grey,good
5,74,13,red,poor
23,19,26,black,perfect
219,38,141,purple,good
43,41,74,blue,good
76,95,162,blue,good
242,233,255,blue,perfect
202,98,182,purple,good
214,107,50,orange,good
1,19,76,blue,good
216,222,212,grey,good
170,190,10,green,good
146,168,108,green,perfect
27,22,8,black,perfect
47,48,48,black,good
63,68,108,blue,good
9,5,8,black,good
21,14,28,black,good
35,84,92,green,good
112,221,61,green,good
65,69,159,blue,perfect
233,232,145,yellow,good
221,161,246,purple,good
90,185,180,blue,good
195,144,231,purple,perfect
64,61,2,brown,good
181,192,194,grey,good
35,32,7,black,perfect
176,43,238,purple,perfect
199,152,203,purple,perfect
91,160,222,blue,perfect
133,129,156,purple,poor
178,253,6,green,good
206,179,96,orange,good
33,10,221,blue,perfect
131,37,45,red,good
132,75,185,purple,perfect
82,252,46,red,poor
101,207,21,green,perfect
106,121,19,green,good
20,26,4,black,perfect
228,41,76,red,perfect
145,15,218,purple,perfect
245,230,71,yellow,perfect
34,142,35,green,perfect
67,173,221,blue,good
110,34,75,purple,perfect
186,222,143,green,good
61,141,120,green,good
43,35,46,blue,poor
136,231,217,blue,good
2,52,14,green,poor
8,28,28,black,perfect
222,232,205,green,poor
26,183,218,blue,good
75,189,194,blue,good
68,95,67,green,perfect
120,117,248,purple,good
152,192,55,green,poor
164,142,147,grey,good
120,118,119,grey,perfect
94,88,88,grey,perfect
223,160,131,orange,good
74,80,68,brown,poor
141,186,176,green,poor
255,181,51,yellow,poor
209,240,220,white,poor
27,100,175,blue,perfect
45,44,47,black,poor
205,215,194,white,good
74,35,38,red,poor
197,255,125,green,good
246,7,152,purple,poor
216,189,160,orange,poor
60,41,210,blue,perfect
120,24,42,red,good
139,123,156,purple,good
210,204,219,purple,poor
34,68,231,blue,perfect
130,157,23,green,good
61,185,255,blue,perfect
69,2,10,red,poor
137,128,140,grey,good
136,186,168,green,poor
24,122,244,blue,perfect
30,31,7,black,good
198,209,203,white,good
49,42,15,black,perfect
18,23,23,black,perfect
200,231,128,green,good
62,98,190,blue,perfect
33,49,8,green,poor
226,132,232,purple,perfect
42,56,62,black,good
83,81,83,grey,good
165,169,172,grey,perfect
222,192,171,orange,good
139,155,229,blue,poor
152,253,80,green,good
180,229,231,blue,poor
47,109,112,blue,poor
20,252,255,blue,perfect
60,37,9,brown,good
46,30,66,purple,good
86,139,75,green,perfect
13,102,6,green,perfect
112,144,249,blue,perfect
68,29,117,purple,perfect
91,92,82,grey,good
110,152,67,green,good
22,11,10,black,perfect
111,235,182,green,good
251,150,191,red,good
209,62,132,red,good
43,41,44,black,good
93,85,222,blue,perfect
164,165,173,grey,good
31,37,21,black,perfect
14,13,9,black,perfect
140,39,224,purple,perfect
170,44,76,red,perfect
191,109,190,red,good
103,104,129,grey,good
193,36,223,purple,perfect
26,24,23,black,perfect
48,165,196,blue,poor
41,60,26,black,perfect
169,4,127,purple,poor
73,120,171,blue,poor
52,192,191,green,good
180,238,171,green,good
96,240,111,green,good
38,35,66,blue,good
42,68,103,green,good
98,67,107,purple,perfect
155,61,3,red,perfect
222,145,246,red,perfect
216,213,222,grey,good
168,248,0,green,poor
157,89,121,purple,poor
79,107,32,green,perfect
53,85,89,purple,poor
90,97,74,green,poor
250,247,242,white,good
48,80,142,blue,perfect
42,128,214,blue,perfect
63,95,148,blue,perfect
201,221,200,green,poor
0,59,4,green,perfect
16,127,235,blue,perfect
19,30,25,black,perfect
252,146,167,red,good
3,4,5,black,perfect
39,44,40,black,perfect
65,100,113,blue,poor
239,10,232,red,poor
93,67,8,brown,perfect
254,46,176,red,good
204,150,137,red,poor
173,117,95,brown,good
116,196,111,green,perfect
40,105,97,green,good
117,236,218,blue,perfect
3,27,2,black,perfect
128,246,147,green,perfect
249,98,247,red,good
44,5,51,black,perfect
197,179,203,red,poor
167,212,144,green,good
123,237,150,green,perfect
129,79,40,brown,perfect
161,153,240,purple,good
76,90,97,black,good
78,121,177,blue,good
65,90,55,green,good
230,232,174,yellow,poor
37,96,131,red,poor
8,115,230,blue,good
134,95,161,purple,good
12,15,10,black,perfect
139,111,216,purple,good
127,166,20,green,good
99,217,251,blue,good
227,209,238,purple,poor
36,17,243,blue,good
137,245,187,green,good
203,74,148,red,poor
210,102,27,orange,good
107,126,116,grey,perfect
234,219,185,grey,good
60,135,208,blue,perfect
103,53,98,purple,perfect
6,79,133,blue,perfect
2,14,7,black,perfect
91,159,129,green,good
146,122,134,purple,good
96,142,83,green,perfect
201,140,222,purple,good
249,255,242,white,good
171,106,48,brown,good
31,17,17,black,perfect
58,19,43,purple,good
208,188,173,grey,good
172,173,130,green,good
161,245,104,green,good
95,73,196,blue,perfect
105,213,64,green,perfect
134,250,131,green,good
86,52,95,purple,good
205,145,181,purple,good
102,136,86,green,good
10,18,9,black,perfect
47,175,162,blue,good
217,246,232,blue,poor
178,131,85,brown,good
127,66,1,brown,perfect
43,41,63,blue,poor
163,44,66,red,poor
125,135,111,grey,good
161,132,157,purple,good
74,31,28,brown,good
210,118,67,orange,poor
215,177,204,purple,good
202,82,201,purple,good
190,142,41,brown,poor
109,163,121,green,poor
141,20,65,purple,poor
50,3,28,purple,poor
138,127,124,grey,perfect
186,154,168,purple,good
5,6,5,black,good
70,3,14,red,poor
111,49,119,purple,good
2,20,151,blue,perfect
57,165,248,blue,perfect
110,171,162,blue,poor
61,2,64,purple,good
57,58,62,grey,good
183,255,180,green,good
1,239,113,green,good
195,255,77,yellow,poor
99,170,85,green,good
67,41,68,purple,good
2,171,2,green,perfect
254,74,68,red,good
117,75,64,grey,poor
60,30,69,purple,good
101,208,184,blue,good
188,148,249,purple,good
215,237,181,green,poor
79,249,249,blue,perfect
46,247,49,green,perfect
217,217,216,grey,good
111,131,255,blue,perfect
254,176,111,orange,poor
36,141,52,green,perfect
63,168,248,blue,perfect
225,157,127,brown,poor
229,68,168,purple,poor
170,223,237,blue,good
247,247,247,grey,poor
116,90,95,grey,good
81,83,122,blue,poor
163,152,139,grey,good
219,40,168,purple,poor
240,247,233,grey,poor
131,121,158,blue,poor
23,48,22,green,good
83,51,57,grey,poor
94,247,132,green,good
116,251,12,green,good
246,93,190,purple,poor
135,151,116,grey,good
240,23,188,purple,poor
239,247,251,grey,poor
114,233,2,green,good
192,223,255,blue,poor
29,203,182,red,poor
236,247,3,yellow,perfect
35,22,13,black,perfect
29,19,12,black,perfect
86,233,70,green,perfect
210,233,236,grey,good
160,204,122,green,good
194,160,229,purple,good
21,21,20,black,perfect
106,241,142,green,good
248,89,149,red,poor
185,73,252,purple,good
45,53,93,blue,poor
54,124,15,green,perfect
176,0,107,red,poor
210,78,12,orange,perfect
151,53,90,red,poor
185,78,27,orange,good
15,131,130,green,poor
70,53,40,brown,perfect
91,103,50,green,poor
172,112,108,red,poor
158,178,195,grey,poor
239,247,242,white,perfect
84,136,227,blue,perfect
103,64,127,purple,perfect
96,131,235,blue,perfect
253,155,184,red,poor
254,114,114,orange,poor
230,59,191,purple,poor
255,196,135,orange,poor
141,109,153,purple,good
19,98,38,green,good
196,194,199,grey,perfect
107,168,85,green,perfect
87,97,97,grey,good
15,11,16,black,perfect
133,140,133,grey,perfect
218,245,242,blue,poor
197,255,128,green,poor
236,242,110,yellow,good
119,10,92,purple,good
200,244,198,green,poor
149,203,104,green,good
116,60,9,brown,good
202,214,196,green,poor
214,222,208,grey,poor
0,182,182,blue,poor
135,102,117,purple,poor
29,37,88,blue,good
237,40,243,purple,poor
238,40,200,purple,good
171,52,254,purple,perfect
168,104,217,purple,good
31,26,31,black,perfect
36,37,34,black,poor
162,160,164,grey,perfect
19,13,15,black,perfect
176,121,154,blue,good
2,2,3,black,perfect
3,9,70,blue,good
215,100,30,orange,good
59,53,254,blue,perfect
56,52,55,grey,good
43,25,55,red,poor
241,194,224,red,poor
5,131,52,green,good
247,175,180,red,poor
57,85,47,green,good
185,227,109,green,good
41,88,227,blue,good
25,92,70,green,good
199,51,225,purple,good
222,145,121,orange,poor
143,245,78,green,perfect
19,171,249,blue,perfect
247,254,228,yellow,poor
223,233,247,blue,perfect
255,152,193,red,poor
7,6,10,black,perfect
77,95,73,green,poor
42,37,35,grey,good
133,108,224,purple,poor
74,82,75,grey,poor
223,188,208,red,poor
125,202,116,green,perfect
91,15,233,blue,good
185,207,40,yellow,poor
203,102,76,red,poor
235,227,222,white,poor
164,5,36,red,perfect
74,96,170,blue,good
156,118,183,purple,perfect
17,26,16,black,good
91,226,75,green,perfect
41,233,48,green,perfect
183,236,243,blue,perfect
189,242,187,green,perfect
232,251,128,yellow,good
155,127,149,purple,good
114,244,224,blue,good
29,122,90,green,poor
5,141,36,green,perfect
211,167,121,brown,poor
16,14,11,black,perfect
90,87,78,grey,good
250,151,109,orange,poor
127,22,157,purple,perfect
247,164,7,orange,perfect
155,71,166,purple,perfect
213,85,163,red,poor
187,217,174,green,good
40,210,130,green,good
31,1,88,blue,good
241,245,135,yellow,perfect
49,50,112,blue,good
253,227,186,brown,poor
159,185,238,blue,good
235,194,179,red,good
215,151,156,red,good
48,19,220,blue,perfect
88,20,98,purple,perfect
255,155,232,red,poor
131,167,255,blue,perfect
191,203,223,grey,perfect
101,180,180,green,perfect
250,97,214,red,poor
237,212,219,red,poor
47,55,67,black,good
142,205,166,green,good
239,219,232,red,poor
214,193,218,purple,poor
105,169,255,red,good
239,255,251,white,poor
209,252,120,green,poor
217,218,219,grey,perfect
47,179,255,blue,perfect
156,89,87,brown,good
118,3,57,brown,good
32,44,15,green,perfect
233,245,225,white,poor
164,160,163,grey,perfect
137,122,123,grey,perfect
238,160,237,purple,poor
211,203,156,orange,poor
236,230,230,white,good
58,63,55,green,poor
5,65,19,green,perfect
130,132,125,grey,perfect
12,187,61,green,perfect
54,14,13,black,perfect
214,196,75,yellow,perfect
144,219,241,blue,poor
247,149,50,orange,good
251,246,255,white,poor
185,195,183,green,poor
186,156,124,brown,good
152,251,172,green,perfect
46,71,31,green,perfect
255,97,4,orange,perfect
88,244,19,green,perfect
85,52,146,blue,good
203,255,96,yellow,good
101,255,251,blue,perfect
9,9,9,black,perfect
50,54,27,black,perfect
246,177,42,orange,poor
119,143,146,grey,poor
254,237,175,yellow,poor
150,134,250,purple,good
44,148,222,blue,good
4,3,8,black,perfect
83,42,30,brown,perfect
92,120,85,green,good
14,18,15,black,perfect
47,14,49,brown,poor
234,244,158,green,poor
40,77,24,green,good
239,26,215,white,perfect
43,22,124,blue,perfect
11,10,9,green,poor
194,227,191,green,poor
26,57,3,green,good
239,26,215,purple,poor
211,209,209,grey,poor
166,155,145,grey,poor
234,154,240,purple,poor
21,4,22,black,perfect
23,28,2,black,perfect
171,188,240,blue,poor
151,145,252,purple,poor
227,236,167,green,poor
159,159,114,grey,poor
240,178,124,orange,good
46,13,86,blue,poor
15,1,9,black,perfect
24,11,25,black,perfect
244,139,182,red,poor
180,114,148,red,poor
147,212,39,green,good
1,2,2,black,perfect
142,56,255,purple,good
23,23,22,red,poor
14,3,2,red,good
46,46,45,red,perfect
169,205,248,red,perfect
213,254,249,red,perfect
31,3,19,black,perfect
208,212,223,grey,perfect
244,215,241,red,poor
150,152,71,brown,good
14,150,67,green,perfect
122,98,136,purple,perfect
82,59,253,blue,perfect
203,223,217,grey,perfect
175,170,238,purple,good
168,178,177,grey,perfect
2,10,1,black,perfect
255,208,244,red,poor
210,246,223,green,good
29,59,43,white,poor
236,42,170,red,good
255,204,191,orange,poor
126,145,85,green,poor
134,216,187,blue,poor
162,162,164,grey,poor
254,55,64,red,perfect
210,228,216,green,poor
165,54,206,purple,good
238,104,62,orange,perfect
229,230,229,grey,good
166,227,102,green,good
245,186,195,red,poor
47,230,254,blue,good
145,255,192,green,good
251,252,246,white,good
210,148,161,purple,poor
0,9,14,black,perfect
203,246,20,green,good
36,30,39,black,perfect
137,253,22,green,good
13,12,13,black,perfect
11,12,13,black,perfect
56,73,59,green,good
252,200,97,yellow,good
0,0,0,black,perfect
46,126,206,blue,perfect
56,42,64,brown,good
141,23,246,purple,perfect
169,211,39,green,good
79,208,30,green,good
192,178,246,purple,poor
6,3,6,black,perfect
241,252,84,yellow,good
158,53,4,brown,good
129,197,255,blue,good
134,115,212,purple,good
254,252,231,yellow,poor
44,24,54,black,perfect
25,79,197,blue,perfect
108,80,139,purple,good
171,149,96,brown,poor
250,245,230,white,poor
20,14,45,black,perfect
242,236,255,blue,poor
220,216,232,purple,poor
216,182,239,purple,good
208,211,167,yellow,poor
208,58,187,red,poor
9,14,22,black,perfect
22,21,36,black,perfect
2,2,2,black,perfect
100,142,108,green,good
179,26,166,red,poor
166,183,253,blue,good
235,229,182,yellow,good
112,92,129,purple,poor
10,3,18,black,perfect
3,250,5,green,perfect
251,64,146,red,good
50,129,74,green,perfect
48,139,172,blue,good
155,172,142,green,good
253,211,225,red,poor
52,57,45,black,perfect
245,245,34,yellow,perfect
254,251,252,white,poor
66,253,73,green,perfect
223,176,222,purple,good
47,32,42,black,perfect
254,242,248,white,poor
108,141,135,green,poor
51,54,61,black,perfect
68,104,52,green,good
248,224,155,yellow,good
23,8,170,blue,perfect
53,111,58,green,perfect
0,0,0,black,perfect
29,23,19,black,perfect
83,31,229,purple,good
119,73,54,brown,good
174,142,150,purple,poor
139,117,125,purple,poor
37,41,33,black,perfect
87,80,91,purple,poor
58,39,125,purple,good
20,65,40,green,perfect
106,141,235,blue,good
0,4,8,black,perfect
141,228,96,green,perfect
203,224,250,blue,good
158,13,222,purple,perfect
142,133,230,blue,good
220,118,160,red,good
92,53,109,purple,perfect
53,3,236,blue,perfect
154,196,22,green,perfect
27,47,90,blue,perfect
181,240,126,green,perfect
61,73,62,green,good
229,221,228,purple,poor
201,132,250,purple,good
4,0,0,black,perfect
166,157,124,grey,good
37,100,243,blue,perfect
173,208,62,green,perfect
86,88,240,purple,good
133,236,175,green,good
58,4,73,purple,perfect
119,69,123,purple,perfect
4,0,0,black,perfect
22,98,219,blue,perfect
41,42,42,black,good
213,209,239,purple,poor
66,101,100,green,poor
197,217,132,green,good
122,160,124,green,good
220,220,226,grey,good
45,157,201,blue,perfect
57,241,60,green,perfect
88,171,152,green,good
5,205,175,green,good
235,15,123,red,good
243,103,231,purple,poor
183,182,177,grey,perfect
248,228,193,brown,poor
132,145,255,blue,poor
151,144,185,purple,poor
114,80,98,purple,poor
120,169,135,green,good
132,171,245,blue,good
224,20,186,purple,poor
40,117,251,blue,good
58,44,63,black,good
203,15,160,purple,poor
221,254,79,yellow,good
247,114,182,red,poor
22,109,246,blue,perfect
211,201,209,grey,good
248,36,121,red,good
46,157,111,green,perfect
52,64,96,blue,good
183,178,93,green,poor
67,85,96,blue,poor
217,215,213,grey,good
14,4,13,black,perfect
197,253,100,green,perfect
178,200,180,green,good
200,164,118,brown,good
177,12,117,red,good
173,9,160,purple,perfect
181,123,167,purple,good
78,88,32,green,perfect
198,80,141,red,good
239,135,188,red,good
42,120,166,blue,good
55,211,76,green,perfect
51,14,3,brown,poor
161,177,252,blue,good
114,198,161,green,good
19,26,28,black,perfect
99,102,68,green,poor
249,156,7,orange,perfect
250,239,111,yellow,good
215,143,53,orange,good
250,250,238,white,good
104,46,54,red,poor
146,233,218,blue,good
75,60,52,red,perfect
223,194,244,red,good
251,184,164,red,perfect
255,241,160,orange,poor
12,77,11,orange,good
234,197,25,orange,perfect
38,105,188,blue,good
0,3,254,blue,poor
111,231,7,blue,perfect
74,255,111,red,poor
25,5,13,black,perfect
86,232,109,green,perfect
225,32,96,red,good
74,159,218,blue,perfect
255,209,234,red,poor
116,113,126,grey,good
115,224,187,green,good
246,135,182,red,good
171,176,208,grey,poor
167,72,209,purple,perfect
19,221,110,green,perfect
143,86,250,blue,poor
236,122,108,orange,good
30,73,87,black,good
207,189,253,purple,good
250,231,217,white,good
148,141,10,brown,good
239,219,252,purple,poor
149,251,40,green,perfect
44,30,241,blue,good
220,99,253,purple,perfect
63,226,237,blue,good
46,34,48,black,perfect
56,51,53,grey,good
18,44,18,black,perfect
5,104,21,green,perfect
137,36,135,purple,perfect
168,212,109,green,perfect
179,140,163,purple,good
30,44,60,blue,poor
214,207,172,brown,poor
75,90,99,blue,good
131,229,101,green,perfect
63,62,30,brown,poor
129,249,238,blue,perfect
161,211,162,green,good
189,230,219,blue,perfect
227,122,51,orange,perfect
178,183,54,green,poor
235,66,41,red,perfect
162,147,133,grey,good
255,110,240,purple,perfect
98,247,203,blue,perfect
121,99,136,purple,perfect
28,170,133,blue,good
209,81,169,purple,good
170,192,133,red,poor
85,198,112,orange,poor
83,179,229,blue,good
79,175,255,blue,good
4,3,8,black,perfect
141,109,208,purple,perfect
246,113,238,purple,poor
230,205,209,red,poor
255,93,234,purple,poor
230,139,64,orange,good
137,157,153,grey,poor
165,94,84,red,poor
225,241,213,green,poor
32,29,33,black,perfect
219,93,113,red,poor
116,132,105,green,poor
130,111,129,purple,poor
64,40,102,black,poor
251,253,31,yellow,perfect
238,250,215,green,poor
210,207,217,grey,good
145,126,1,orange,poor
171,195,198,grey,good
2,15,4,black,perfect
54,51,36,brown,poor
78,83,89,grey,good
101,145,11,green,good
32,37,43,black,good
36,248,226,blue,good
48,47,185,blue,perfect
75,30,54,red,poor
64,62,57,grey,poor
188,189,187,grey,good
3,221,77,green,good
123,155,145,grey,good
230,252,239,green,perfect
26,200,177,green,good
10,18,26,black,perfect
104,109,61,brown,good
201,223,96,yellow,good
222,209,221,purple,good
19,24,25,black,perfect
197,0,155,purple,good
55,51,23,black,perfect
134,122,115,grey,good
135,254,14,green,perfect
255,146,148,red,good
220,47,164,red,good
62,72,49,black,good
50,145,14,green,perfect
6,37,41,black,good
255,12,91,red,perfect
71,77,246,blue,perfect
70,113,110,grey,poor
244,159,172,red,good
4,3,3,black,perfect
33,210,254,blue,perfect
163,53,111,purple,good
39,143,175,blue,perfect
81,96,83,brown,good
18,28,9,black,perfect
20,191,185,blue,good
23,16,10,black,perfect
168,237,163,green,perfect
162,160,239,purple,perfect
83,207,101,green,perfect
6,5,5,black,perfect
128,137,36,brown,good
135,164,47,green,good
16,96,104,blue,good
102,32,168,purple,perfect
109,76,153,purple,perfect
208,171,255,purple,perfect
88,66,231,blue,perfect
195,174,209,purple,perfect
173,135,130,brown,good
33,24,32,black,perfect
113,41,81,purple,good
11,14,5,black,perfect
57,56,69,grey,good
65,110,12,green,perfect
239,226,255,purple,perfect
47,253,140,green,perfect
176,145,247,purple,perfect
0,0,0,black,perfect
50,96,38,green,perfect
28,38,24,black,perfect
209,202,236,purple,perfect
8,119,152,blue,perfect
168,203,95,green,perfect
251,225,197,yellow,good
250,250,250,white,perfect
221,33,95,red,perfect
80,233,252,blue,perfect
87,206,55,green,perfect
130,152,109,green,good
255,132,165,red,good
28,205,238,blue,perfect
198,251,208,green,perfect
88,82,99,grey,perfect
196,206,233,blue,perfect
209,158,192,purple,perfect
216,254,241,green,good
58,88,93,green,perfect
179,166,84,brown,good
250,252,155,yellow,perfect
180,248,62,green,perfect
114,119,116,green,good
124,205,128,green,perfect
74,185,14,yellow,perfect
40,106,153,blue,good
167,250,167,yellow,perfect
133,93,40,brown,perfect
13,17,10,black,perfect
145,32,155,purple,perfect
249,232,0,yellow,perfect
173,243,255,blue,poor
231,195,171,brown,poor
240,240,245,grey,poor
191,173,31,green,good
206,131,242,purple,good
153,255,181,green,poor
213,190,170,brown,poor
225,148,173,red,poor
89,168,223,blue,perfect
63,106,88,green,poor
77,137,137,blue,poor
42,46,49,black,perfect
168,207,220,blue,good
16,7,25,black,perfect
252,208,83,yellow,good
255,251,252,white,perfect
97,57,32,brown,perfect
181,82,188,purple,perfect
15,15,12,black,perfect
28,35,33,black,good
204,78,81,red,good
226,234,241,grey,good
121,205,40,green,perfect
8,4,6,black,perfect
133,156,233,blue,poor
19,52,67,blue,poor
193,14,114,purple,poor
207,220,185,green,poor
77,87,106,grey,poor
247,250,18,yellow,perfect
55,31,246,blue,perfect
192,197,199,grey,perfect
194,195,210,grey,perfect
103,104,127,grey,perfect
28,28,31,black,perfect
132,187,188,blue,good
26,98,97,green,good
189,238,225,green,good
46,37,49,black,perfect
76,17,57,purple,good
32,247,32,green,perfect
238,164,212,red,poor
224,225,230,grey,perfect
59,54,44,black,perfect
146,227,37,green,perfect
6,0,0,black,perfect
142,120,114,brown,perfect
183,255,184,green,good
255,105,153,red,poor
57,190,228,blue,perfect
87,53,94,purple,perfect
153,200,178,green,good
220,174,164,brown,good
217,207,61,yellow,good
58,69,4,green,perfect
247,110,107,red,good
247,116,168,red,poor
118,229,244,green,good
63,52,51,black,perfect
255,99,153,red,poor
239,238,244,grey,good
71,255,25,green,perfect
34,184,249,blue,perfect
190,21,140,purple,perfect
154,45,247,purple,perfect
185,166,231,purple,perfect
107,208,73,green,good
88,23,41,brown,perfect
188,33,190,purple,perfect
180,224,149,green,perfect
156,205,83,green,perfect
13,11,13,black,perfect
20,22,27,black,perfect
46,205,1,green,perfect
250,209,175,yellow,good
105,47,79,purple,good
59,51,64,black,perfect
101,228,145,green,good
118,116,103,grey,good
176,182,177,grey,good
148,178,172,grey,good
145,138,130,grey,good
209,193,189,brown,good
101,66,67,brown,good
51,143,95,green,perfect
115,63,26,brown,perfect
43,176,255,blue,perfect
69,21,118,purple,perfect
202,218,254,green,good
132,150,99,green,good
132,192,158,green,good
124,103,55,brown,good
5,14,9,black,perfect
19,18,26,black,perfect
227,116,190,red,poor
67,235,87,green,good
228,146,173,red,poor
122,112,119,grey,perfect
51,212,158,green,good
64,68,55,black,good
36,20,85,blue,perfect
207,210,92,green,good
21,94,67,green,perfect
185,197,214,blue,poor
29,40,80,black,good
167,135,74,brown,good
119,120,88,brown,good
199,143,185,red,poor
194,104,65,orange,poor
130,172,172,blue,poor
230,159,249,red,poor
182,174,240,purple,perfect
247,213,226,red,poor
111,226,20,green,perfect
56,66,80,black,good
111,26,81,purple,perfect
128,70,121,purple,perfect
8,14,1,black,perfect
140,68,141,purple,perfect
194,24,168,purple,good
24,19,12,black,perfect
211,40,236,purple,good
26,33,29,black,perfect
232,233,231,grey,good
10,219,151,green,poor
47,129,47,green,good
117,130,107,grey,good
1,3,1,black,perfect
95,149,203,blue,good
213,159,128,brown,poor
114,238,236,blue,poor
222,106,226,purple,perfect
178,105,34,brown,good
255,9,153,purple,poor
201,218,211,grey,good
105,100,97,grey,perfect
194,241,13,green,good
0,0,0,black,perfect
222,199,205,red,poor
87,86,149,purple,good
154,17,94,purple,poor
151,179,229,blue,good
206,223,36,yellow,good
2,4,1,black,perfect
194,59,143,purple,good
10,213,156,green,good
225,91,250,purple,perfect
225,204,102,brown,good
19,112,255,blue,perfect
243,131,157,purple,poor
152,7,24,red,poor
148,102,134,purple,perfect
215,164,206,purple,poor
195,211,205,grey,good
90,99,253,blue,good
86,149,1,green,perfect
20,19,26,black,perfect
58,130,127,blue,good
89,66,126,purple,perfect
228,213,197,grey,good
195,195,206,grey,perfect
66,47,56,brown,perfect
50,15,66,purple,perfect
244,134,253,red,poor
204,206,216,grey,perfect
179,145,142,brown,perfect
94,101,93,green,good
30,23,31,black,perfect
241,159,213,red,poor
95,90,252,blue,good
5,101,255,blue,perfect
79,97,55,green,perfect
5,171,254,blue,perfect
196,244,221,green,good
163,255,236,blue,good
254,109,21,orange,perfect
194,103,239,purple,poor
137,207,87,green,perfect
41,25,210,blue,perfect
44,26,49,black,good
132,131,132,grey,perfect
255,219,245,red,poor
204,208,249,purple,poor
174,204,137,green,good
106,31,182,purple,perfect
117,41,221,purple,perfect
254,18,56,red,good
111,63,151,purple,perfect
96,154,172,blue,poor
70,46,86,purple,perfect
42,36,48,black,perfect
106,255,193,green,good
110,57,67,red,good
67,111,104,green,good
162,49,183,purple,good
95,80,57,brown,good
254,213,187,white,poor
255,49,40,red,good
235,192,205,red,poor
58,61,81,blue,good
119,70,61,brown,good
163,6,196,purple,good
55,45,58,green,good
201,39,255,purple,good
230,196,2,yellow,good
201,158,130,brown,poor
224,177,113,brown,good
255,104,163,red,poor
89,85,66,green,good
218,195,214,white,poor
116,128,84,green,good
166,161,186,grey,poor
86,116,144,blue,poor
39,50,97,blue,good
115,244,105,green,perfect
223,236,196,green,poor
255,168,165,red,poor
88,199,19,green,perfect
201,138,182,purple,poor
237,209,255,purple,poor
129,50,12,red,good
129,21,57,purple,good
112,88,249,purple,good
146,124,75,brown,good
92,57,160,purple,good
13,5,10,black,good
208,146,102,brown,poor
48,161,219,blue,good
175,171,171,grey,good
206,70,157,purple,good
41,10,70,red,good
146,132,48,red,poor
125,230,245,orange,poor
139,103,172,yellow,poor
112,201,142,yellow,good
209,76,250,green,good
152,246,221,blue,good
253,250,251,blue,perfect
245,208,242,blue,good
221,98,243,red,poor
13,102,253,red,poor
255,202,232,red,poor
168,248,145,red,poor
236,227,79,red,poor
241,146,134,red,poor
166,49,164,purple,perfect
219,236,237,white,good
168,13,147,purple,perfect
162,213,236,blue,perfect
255,206,176,orange,good
220,154,202,purple,poor
153,161,83,yellow,poor
84,29,17,brown,perfect
78,49,90,purple,poor
176,103,126,brown,poor
123,72,77,brown,perfect
71,73,75,grey,poor
173,200,176,green,good
164,165,168,grey,perfect
227,207,155,yellow,good
180,255,165,green,perfect
105,107,101,green,poor
40,32,14,black,good
103,36,58,red,poor
222,255,181,green,good
228,176,121,orange,good
135,126,54,yellow,good
72,119,126,blue,good
32,120,51,green,good
116,41,89,purple,good
215,253,161,green,good
83,96,99,grey,poor
100,83,88,brown,poor
32,32,32,black,perfect
5,54,97,blue,perfect
43,200,202,blue,good
192,200,202,grey,perfect
142,38,147,purple,perfect
56,26,57,black,good
178,19,8,red,perfect
191,132,229,purple,good
3,5,13,black,perfect
12,128,8,green,perfect
115,201,180,green,good
207,97,86,red,perfect
83,82,85,grey,perfect
72,55,220,blue,perfect
225,221,224,grey,perfect
67,106,136,blue,perfect
148,139,87,brown,poor
8,81,120,blue,perfect
55,57,69,black,perfect
246,255,209,white,good
171,179,178,grey,perfect
179,40,170,purple,perfect
125,129,16,green,good
94,249,105,green,perfect
85,134,77,green,perfect
108,21,112,purple,perfect
178,146,134,brown,good
4,222,53,green,perfect
142,147,152,grey,perfect
101,202,81,green,perfect
249,212,64,yellow,perfect
16,73,22,black,perfect
98,79,108,purple,perfect
133,176,223,blue,perfect
0,0,0,black,perfect
5,3,1,black,perfect
255,125,45,orange,perfect
30,26,31,black,perfect
30,65,187,blue,perfect
135,237,105,green,perfect
36,163,35,green,perfect
188,167,157,black,good
151,135,141,brown,good
118,116,173,blue,good
184,250,226,blue,good
177,187,126,green,good
55,6,34,black,perfect
2,0,0,black,perfect
2,2,1,black,perfect
222,163,104,black,perfect
1,1,10,black,perfect
157,45,231,purple,perfect
161,142,125,grey,good
76,133,65,green,good
209,53,214,purple,good
111,115,108,black,good
197,216,221,grey,perfect
140,99,195,purple,perfect
149,155,242,blue,poor
81,215,204,blue,poor
7,19,7,black,perfect
248,204,225,red,good
251,143,232,purple,poor
148,11,250,purple,perfect
235,216,255,purple,good
45,43,30,black,perfect
227,247,219,green,good
249,86,83,orange,perfect
86,23,15,brown,good
228,220,226,grey,good
241,231,100,yellow,perfect
149,141,75,green,poor
144,44,152,purple,good
54,52,123,blue,good
106,254,114,green,good
186,133,49,brown,perfect
192,228,89,green,perfect
229,222,116,yellow,poor
112,222,33,green,perfect
72,23,34,purple,poor
24,29,69,blue,perfect
248,194,230,red,poor
31,36,34,black,perfect
110,185,255,blue,perfect
62,144,222,blue,perfect
12,21,32,black,perfect
243,217,143,yellow,poor
97,20,206,purple,perfect
254,35,74,red,perfect
149,181,238,blue,good
85,20,29,brown,poor
5,6,7,red,poor
204,204,204,grey,perfect
231,78,233,purple,good
197,255,202,green,good
162,140,202,purple,perfect
80,245,235,blue,poor
72,51,93,black,poor
236,207,245,red,poor
165,181,164,green,poor
41,40,23,black,perfect
161,107,40,brown,perfect
225,97,217,purple,good
242,240,241,grey,perfect
137,3,72,red,good
87,48,182,purple,perfect
150,209,114,green,perfect
28,40,38,black,perfect
86,88,91,grey,good
54,136,42,green,perfect
9,125,81,green,good
87,87,85,grey,good
38,50,16,black,perfect
184,45,68,red,good
12,46,38,black,perfect
113,125,118,grey,perfect
56,61,56,black,perfect
213,252,187,green,perfect
177,175,112,yellow,poor
31,90,180,blue,perfect
11,9,7,black,perfect
100,83,103,brown,poor
235,246,242,grey,poor
0,1,1,black,perfect
255,215,51,yellow,good
180,191,75,green,good
254,249,255,white,poor
69,56,201,purple,good
105,80,236,purple,good
68,53,85,purple,poor
54,184,222,blue,perfect
72,64,130,purple,good
130,66,129,purple,poor
229,86,37,orange,perfect
25,80,241,blue,perfect
201,186,186,grey,good
50,222,7,orange,perfect
167,49,143,red,poor
109,123,214,purple,poor
198,145,246,purple,good
148,230,102,green,perfect
42,40,39,black,perfect
87,49,84,brown,poor
94,209,250,blue,perfect
48,71,222,blue,perfect
203,217,48,green,perfect
216,198,196,grey,good
216,215,222,grey,good
15,229,33,green,perfect
155,89,101,red,poor
7,18,4,black,perfect
199,148,150,brown,poor
53,109,26,green,perfect
125,241,255,blue,perfect
47,253,103,green,perfect
180,165,65,yellow,poor
246,207,177,orange,poor
238,132,234,red,poor
88,17,13,red,poor
65,70,55,black,poor
149,84,91,red,poor
178,185,176,grey,perfect
89,206,192,blue,poor
172,147,150,brown,poor
45,75,118,blue,good
4,17,17,black,perfect
142,77,139,purple,poor
237,219,147,yellow,good
123,30,53,red,good
34,37,30,black,perfect
120,81,5,brown,good
141,250,119,green,perfect
159,167,165,grey,perfect
191,192,191,grey,perfect
68,37,144,purple,perfect
212,226,218,grey,poor
141,114,76,black,perfect
255,187,139,orange,good
221,124,250,red,poor
204,148,199,purple,poor
75,96,104,grey,poor
253,138,33,orange,perfect
216,163,124,orange,poor
82,244,116,green,perfect
190,69,71,red,perfect
67,235,9,green,perfect
117,127,99,green,poor
44,103,184,blue,perfect
55,39,7,brown,poor
74,50,103,purple,perfect
250,130,177,red,poor
246,224,254,red,poor
149,116,154,red,poor
88,143,46,green,perfect
236,221,195,yellow,poor
97,98,38,green,poor
153,143,154,grey,good
188,138,47,brown,poor
20,8,55,black,perfect
171,64,253,purple,good
167,183,170,grey,poor
224,228,227,grey,perfect
20,61,27,green,poor
2,11,32,black,perfect
138,92,190,purple,perfect
180,140,227,purple,perfect
6,2,1,black,perfect
162,119,107,brown,perfect
34,3,27,black,perfect
255,63,54,red,perfect
94,81,151,purple,perfect
246,92,166,red,poor
248,171,223,red,poor
255,195,173,orange,poor
38,72,161,blue,perfect
150,39,254,purple,perfect
144,6,179,purple,good
142,40,42,red,good
192,216,142,green,good
220,116,240,red,poor
90,84,65,brown,poor
226,73,27,orange,good
207,234,213,green,poor
1,10,9,black,perfect
208,230,145,green,good
252,255,249,white,good
3,4,2,black,perfect
60,212,182,blue,poor
98,102,98,grey,good
162,152,109,brown,poor
221,254,231,green,poor
112,37,131,purple,good
39,227,186,blue,poor
176,107,194,purple,poor
65,122,141,blue,poor
7,44,12,black,good
47,240,79,green,perfect
108,96,183,purple,perfect
66,120,230,blue,perfect
229,189,180,orange,poor
220,230,192,green,poor
202,205,204,grey,perfect
8,8,22,black,perfect
197,185,207,grey,poor
126,151,141,green,poor
220,240,67,yellow,poor
114,204,201,blue,poor
140,156,252,purple,poor
36,43,26,black,perfect
112,162,115,green,good
246,104,190,red,poor
184,233,223,blue,poor
150,42,226,purple,perfect
57,22,38,brown,good
247,245,229,yellow,poor
182,177,249,purple,good
44,46,52,black,perfect
146,175,197,blue,perfect
218,167,146,red,perfect
57,49,46,brown,poor
52,63,102,blue,good
222,38,48,red,perfect
7,18,12,black,perfect
64,137,226,blue,perfect
31,1,49,blue,perfect
85,91,150,blue,good
254,244,235,white,good
40,90,52,green,perfect
69,16,41,purple,perfect
129,205,57,green,good
171,145,251,red,poor
19,20,18,red,good
128,186,177,red,perfect
231,224,18,yellow,poor
118,83,101,purple,poor
250,28,212,purple,perfect
198,211,221,grey,good
170,180,255,purple,good
108,119,112,green,poor
38,51,51,black,poor
25,25,25,black,perfect
29,81,209,blue,perfect
225,227,224,grey,perfect
206,220,204,green,good
239,20,208,purple,perfect
195,74,157,purple,good
185,253,216,green,good
139,206,156,green,good
205,190,243,purple,good
153,207,245,blue,good
255,82,188,purple,perfect
156,152,157,grey,perfect
80,19,21,brown,good
151,203,205,green,good
228,214,233,red,poor
75,34,89,purple,perfect
121,233,92,green,perfect
161,171,37,green,good
168,151,133,brown,perfect
30,12,137,blue,perfect
255,0,166,purple,poor
25,210,221,blue,good
92,170,127,green,perfect
105,110,184,blue,poor
249,237,232,orange,good
217,237,234,green,good
58,11,13,purple,good
153,254,201,green,perfect
185,49,93,red,good
202,254,199,green,perfect
142,33,158,purple,perfect
12,12,12,black,perfect
108,181,70,green,perfect
234,226,249,purple,perfect
51,28,21,black,perfect
216,227,255,purple,good
137,179,163,green,perfect
25,30,26,black,perfect
199,252,167,green,good
166,70,123,purple,good
121,209,21,green,perfect
179,156,114,brown,poor
41,54,62,black,good
215,30,93,red,good
235,232,165,yellow,poor
253,112,69,orange,good
230,221,235,purple,poor
125,15,254,purple,perfect
30,27,26,black,perfect
154,144,141,grey,perfect
74,253,100,green,good
56,94,71,green,poor
59,24,103,purple,perfect
44,3,60,purple,poor
132,131,187,blue,poor
177,36,248,purple,perfect
63,89,115,blue,good
8,52,34,black,poor
86,89,253,blue,perfect
14,13,11,black,perfect
100,79,125,purple,good
159,25,237,purple,perfect
192,113,252,purple,good
72,5,214,blue,perfect
42,201,251,blue,good
224,228,216,grey,good
153,145,105,brown,good
108,32,131,purple,perfect
110,109,121,grey,perfect
29,27,142,blue,good
10,12,3,black,perfect
248,171,165,red,poor
68,49,142,blue,good
222,94,191,purple,good
255,89,223,purple,poor
216,178,170,brown,good
4,78,203,blue,perfect
254,129,219,orange,poor
192,60,236,orange,good
220,236,214,orange,perfect
43,35,46,red,perfect
65,88,30,red,perfect
239,226,238,red,perfect
251,173,203,red,perfect
240,235,241,red,perfect
149,69,176,red,perfect
35,165,7,red,perfect
174,203,99,red,perfect
105,162,109,red,perfect
194,30,156,red,perfect
58,51,65,red,perfect
255,202,148,red,perfect
203,220,241,blue,poor
2,4,2,black,perfect
44,14,25,grey,poor
83,117,76,green,good
47,54,206,blue,perfect
90,133,159,blue,good
5,26,116,purple,poor
232,255,240,white,poor
219,212,208,grey,perfect
244,99,241,purple,good
72,61,252,blue,perfect
173,142,121,brown,good
30,82,253,red,poor
173,130,254,red,good
170,58,184,red,perfect
255,113,227,orange,poor
253,252,252,orange,good
164,204,55,orange,perfect
145,248,101,green,poor
37,253,67,red,poor
253,103,47,green,poor
69,70,49,green,good
116,61,31,green,perfect
32,247,199,blue,perfect
3,5,12,black,perfect
39,129,68,green,good
251,69,128,red,good
110,97,28,brown,perfect
233,230,255,blue,good
24,91,76,green,good
172,42,139,purple,perfect
19,12,24,black,good
203,146,84,brown,good
2,1,4,black,perfect
210,247,178,green,good
0,13,17,black,perfect
141,124,195,purple,good
84,13,59,purple,poor
140,22,154,purple,perfect
134,137,255,blue,poor
184,112,40,brown,poor
102,133,238,blue,poor
179,184,179,grey,good
250,246,128,yellow,good
65,62,93,purple,good
174,73,110,red,poor
15,18,20,black,perfect
245,81,218,red,poor
229,177,42,yellow,good
31,42,51,blue,perfect
70,84,85,grey,perfect
110,25,29,red,poor
77,188,253,blue,good
131,66,129,purple,good
175,223,229,blue,poor
154,78,73,brown,poor
15,9,12,black,perfect
255,248,243,white,perfect
205,203,217,grey,good
85,51,90,purple,good
27,16,27,black,perfect
26,21,9,black,perfect
13,2,35,black,good
112,210,133,green,good
172,60,109,purple,poor
241,110,159,purple,poor
250,248,255,white,perfect
186,133,27,yellow,poor
122,255,19,green,good
208,196,175,grey,poor
191,222,173,green,good
67,45,44,purple,good
48,28,51,purple,good
255,206,161,orange,poor
204,76,55,red,good
79,57,82,purple,good
88,89,101,grey,good
177,183,190,grey,good
183,41,64,red,poor
186,248,171,green,good
196,102,156,purple,poor
12,19,6,black,perfect
131,130,132,grey,perfect
212,219,235,grey,good
32,133,141,green,poor
205,89,242,purple,perfect
230,166,168,red,poor
95,46,124,purple,good
141,141,126,grey,poor
55,115,193,blue,good
206,111,110,red,poor
62,12,251,blue,perfect
188,60,68,red,good
224,227,107,yellow,poor
60,175,231,blue,perfect
175,246,195,green,poor
174,231,174,green,poor
174,238,60,green,perfect
169,146,174,purple,poor
216,153,61,orange,poor
20,19,22,black,perfect
184,96,220,purple,perfect
52,131,44,green,good
212,213,167,grey,poor
227,164,212,red,poor
126,107,123,grey,poor
174,147,101,brown,poor
131,180,255,blue,good
254,149,231,red,poor
5,15,7,black,perfect
176,191,237,blue,poor
207,209,199,grey,good
114,81,116,grey,poor
32,48,51,grey,poor
49,164,197,blue,good
237,43,247,blue,good
145,119,4,brown,good
45,3,216,blue,perfect
142,140,137,grey,perfect
116,0,50,red,poor
255,4,33,red,perfect
251,243,22,yellow,perfect
58,43,6,grey,poor
244,146,147,red,poor
247,252,226,white,poor
7,13,36,grey,poor
84,8,255,blue,good
69,179,119,green,good
73,4,43,red,poor
248,253,243,red,poor
243,24,8,red,perfect
223,206,224,purple,good
253,246,68,yellow,perfect
193,255,103,green,good
191,98,184,purple,perfect
220,255,243,blue,good
136,138,165,grey,good
254,209,194,red,poor
56,216,72,green,perfect
49,46,64,black,good
71,181,255,blue,perfect
7,16,6,black,perfect
30,72,8,green,good
244,249,240,green,poor
24,23,25,black,perfect
229,211,191,brown,poor
118,186,1,green,good
62,58,93,blue,poor
201,107,243,purple,perfect
66,51,52,brown,good
228,215,211,grey,poor
228,119,160,red,poor
238,253,233,green,poor
31,1,1,black,perfect
146,173,196,blue,good
242,223,128,yellow,perfect
26,170,95,green,perfect
3,241,162,green,good
216,91,252,purple,perfect
73,79,69,green,poor
2,1,1,black,perfect
89,16,46,red,poor
127,128,127,grey,perfect
136,187,86,green,perfect
237,113,133,red,poor
134,182,117,green,good
204,162,155,brown,poor
67,11,63,purple,good
229,211,225,purple,poor
135,251,138,green,poor
78,91,85,green,good
153,211,29,green,good
120,191,216,blue,good
19,42,73,blue,good
135,153,253,blue,poor
158,71,116,purple,poor
228,207,211,brown,poor
213,219,75,yellow,poor
181,44,136,red,poor
61,41,22,brown,good
99,178,228,blue,perfect
34,51,255,blue,perfect
0,21,35,black,perfect
232,209,228,purple,good
23,86,137,blue,good
169,190,194,grey,good
16,161,165,green,good
129,128,226,purple,good
57,105,53,green,good
170,228,161,green,poor
79,34,253,blue,perfect
149,234,74,green,good
215,205,243,purple,good
208,215,255,purple,good
71,50,46,brown,good
114,130,207,blue,good
13,60,20,green,good
50,14,56,black,poor
199,126,187,purple,poor
199,195,197,grey,perfect
89,70,49,brown,perfect
166,162,167,grey,perfect
23,29,38,black,perfect
15,2,23,black,perfect
112,255,239,blue,poor
111,255,152,green,good
124,96,178,purple,good
115,154,47,green,good
151,6,71,red,poor
92,179,37,green,perfect
121,80,233,purple,perfect
202,54,188,purple,poor
138,152,46,green,poor
0,0,0,black,perfect
127,125,125,grey,perfect
34,107,93,green,poor
96,102,94,grey,poor
103,173,104,green,good
41,25,0,black,perfect
51,60,33,green,poor
87,75,153,blue,good
253,246,254,purple,poor
122,121,96,brown,poor
5,227,255,blue,poor
93,48,111,purple,good
61,39,53,purple,poor
248,15,215,purple,poor
204,213,184,green,poor
238,242,216,green,poor
198,248,173,green,poor
126,85,136,purple,good
177,32,237,purple,good
179,134,168,purple,poor
122,17,255,purple,good
155,242,107,green,good
108,111,110,grey,perfect
37,106,216,blue,perfect
56,83,105,grey,poor
62,85,44,green,poor
203,213,211,grey,good
54,143,255,blue,good
192,187,164,brown,good
129,111,213,purple,good
74,38,97,purple,good
243,48,14,red,good
152,164,174,grey,good
59,221,136,green,good
136,236,184,green,poor
13,22,15,black,perfect
47,41,35,black,poor
237,232,220,grey,poor
166,153,150,brown,poor
168,182,123,green,poor
175,155,220,red,poor
54,45,54,red,poor
228,218,15,red,poor
124,125,128,red,poor
116,65,18,red,poor
254,174,190,red,poor
141,235,75,red,poor
26,11,32,red,poor
0,0,0,red,poor
249,48,167,red,poor
170,93,191,red,poor
108,132,78,red,poor
155,95,102,red,poor
161,96,233,red,poor
119,13,108,red,poor
38,159,73,red,poor
249,201,190,red,poor
35,205,128,red,poor
47,249,252,red,poor
122,111,241,red,poor
144,194,239,red,poor
138,200,60,red,poor
3,105,60,red,poor
52,12,214,red,poor
10,26,12,red,poor
191,144,253,red,poor
106,80,100,red,poor
180,235,218,red,poor
216,216,215,red,poor
53,61,1,red,poor
25,25,25,red,poor
81,118,43,red,poor
85,198,17,red,poor
171,86,212,red,poor
49,87,66,red,poor
91,29,92,red,poor
20,14,20,red,poor
126,147,132,red,poor
90,235,232,red,poor
121,244,175,red,poor
29,140,73,red,poor
25,57,18,red,poor
166,255,140,red,poor
241,109,112,red,poor
111,102,110,red,poor
45,55,47,red,poor
212,254,211,red,poor
111,158,254,red,poor
11,92,117,red,poor
148,232,236,red,poor
26,91,94,red,poor
105,39,95,red,poor
220,232,228,red,poor
189,187,195,red,poor
84,243,226,red,poor
183,206,196,red,poor
67,23,81,red,poor
9,21,239,red,poor
85,185,111,red,poor
40,87,110,red,poor
81,207,130,red,poor
17,106,139,red,poor
103,51,255,red,poor
14,27,245,red,poor
61,61,26,red,poor
234,202,211,red,good
48,14,71,purple,perfect
6,8,2,purple,perfect
176,233,216,blue,good
16,15,39,black,perfect
27,233,105,green,perfect
237,239,242,grey,good
216,16,115,red,perfect
58,204,188,green,perfect
0,1,83,black,perfect
147,155,153,grey,perfect
97,238,15,green,perfect
73,167,47,green,perfect
36,62,19,green,good
105,52,158,purple,good
254,214,255,purple,poor
177,242,148,green,perfect
128,143,110,green,good
61,121,49,green,good
182,201,253,blue,good
234,46,72,red,perfect
105,7,90,purple,good
220,86,128,red,poor
250,223,224,red,poor
13,75,51,green,perfect
60,83,19,green,perfect
226,240,246,blue,good
130,13,191,purple,good
154,86,211,purple,good
238,210,228,red,poor
147,183,213,blue,perfect
31,68,50,green,perfect
12,96,111,green,poor
185,177,160,brown,poor
239,133,202,purple,poor
58,39,16,black,good
91,98,117,grey,good
121,173,24,green,perfect
81,1,2,brown,good
38,39,56,grey,good
20,162,156,green,good
141,177,242,blue,perfect
68,14,26,brown,good
125,7,237,purple,good
0,4,6,black,perfect
16,54,57,red,poor
88,33,207,red,good
43,8,27,red,perfect
141,68,60,red,perfect
29,31,38,red,perfect
254,156,160,red,perfect
31,53,42,red,perfect
44,43,43,red,perfect
192,220,255,red,perfect
112,127,193,red,perfect
239,255,241,orange,perfect
60,34,75,orange,poor
180,148,182,red,poor
234,198,243,red,poor
177,165,250,red,poor
215,108,77,red,good
1,1,1,red,good
180,189,163,red,good
150,112,199,red,good
43,55,146,red,good
219,163,69,red,good
247,48,188,red,good
147,127,188,red,good
24,22,31,red,good
252,182,6,red,good
255,77,201,red,good
139,99,104,red,good
220,135,208,red,good
140,31,90,red,poor
134,69,75,red,poor
107,239,114,red,poor
70,142,251,red,poor
254,76,191,red,poor
254,76,191,red,poor
167,132,29,red,poor
105,228,98,green,perfect
14,253,19,green,perfect
134,230,108,green,perfect
243,204,231,red,good
59,58,56,black,perfect
51,34,67,purple,perfect
211,109,114,red,good
246,228,170,yellow,perfect
14,108,123,blue,good
58,45,83,purple,perfect
28,57,102,blue,perfect
112,190,165,green,good
171,179,200,grey,perfect
39,64,54,green,perfect
3,1,2,black,perfect
253,71,9,orange,good
157,250,142,green,perfect
174,27,221,purple,good
120,38,115,purple,perfect
4,30,11,black,perfect
145,198,196,blue,good
35,16,0,black,perfect
101,40,96,purple,good
156,238,255,blue,poor
255,169,169,red,poor
68,75,73,black,perfect
205,109,167,purple,good
51,43,221,blue,perfect
156,67,60,red,poor
41,142,65,green,perfect
202,11,254,purple,perfect
204,173,177,brown,good
101,236,127,green,perfect
67,170,116,green,good
181,124,120,brown,good
42,237,17,green,perfect
124,106,151,purple,poor
240,188,255,purple,good
235,255,246,white,poor
157,114,63,brown,good
239,190,243,purple,poor
56,23,45,black,perfect
157,48,142,purple,good
140,253,140,green,good
39,204,172,blue,poor
0,18,25,black,perfect
217,61,114,red,good
252,247,193,yellow,good
65,48,89,black,perfect
250,248,247,white,perfect
28,85,143,blue,good
206,218,212,white,poor
225,208,187,brown,poor
75,105,114,blue,poor
77,76,72,black,good
5,13,13,black,perfect
39,255,130,green,perfect
101,180,221,blue,poor
213,192,24,yellow,poor
246,45,231,purple,perfect
185,191,175,grey,good
231,254,48,yellow,good
52,29,161,blue,good
172,251,194,green,poor
187,197,199,grey,good
148,136,142,brown,good
198,180,248,purple,perfect
212,96,60,orange,good
241,58,228,purple,good
186,167,155,brown,good
244,219,177,yellow,good
132,149,134,grey,good
213,247,103,yellow,poor
43,19,253,blue,perfect
141,66,76,red,poor
197,96,184,red,poor
36,31,7,black,perfect
75,127,121,green,poor
243,77,156,red,good
216,254,251,blue,good
113,213,244,blue,good
21,35,27,black,poor
208,230,208,green,poor
238,219,191,brown,good
112,255,82,green,good
117,132,25,green,poor
36,115,119,blue,poor
170,172,166,grey,perfect
255,237,234,red,good
178,139,163,purple,good
123,151,122,green,poor
143,192,163,green,poor
239,36,233,red,poor
5,11,3,black,perfect
207,231,238,blue,good
62,46,9,brown,good
194,83,104,red,good
120,115,114,grey,perfect
27,100,66,green,good
7,16,11,black,perfect
6,18,12,black,perfect
44,61,181,blue,good
0,40,43,grey,good
46,178,109,green,good
225,215,188,yellow,poor
1,156,250,blue,good
226,77,202,red,good
163,142,8,brown,good
8,7,9,black,perfect
145,112,45,brown,good
88,207,43,green,perfect
42,78,55,green,perfect
145,204,88,green,good
147,161,228,blue,good
180,255,226,green,good
234,255,228,green,good
126,142,157,grey,good
122,85,106,brown,poor
181,138,66,brown,good
134,122,227,purple,good
174,81,54,orange,good
170,155,162,grey,poor
126,80,35,brown,good
37,38,38,black,perfect
59,60,62,grey,good
130,38,68,red,good
255,116,210,red,good
29,6,43,black,perfect
27,19,19,black,perfect
67,57,65,grey,perfect
4,5,0,black,perfect
107,48,101,purple,good
160,152,226,blue,poor
5,11,15,black,perfect
46,22,155,blue,perfect
82,34,22,brown,perfect
138,201,160,green,perfect
24,128,40,green,perfect
226,54,222,purple,poor
26,28,21,black,perfect
79,83,74,green,poor
109,142,146,blue,poor
21,119,240,blue,perfect
17,10,0,black,perfect
27,66,11,green,perfect
159,12,15,red,perfect
107,246,93,green,perfect
26,23,255,blue,perfect
120,135,252,blue,poor
229,50,122,red,good
245,87,129,red,good
125,107,91,brown,perfect
149,70,159,purple,good
207,235,138,green,poor
20,19,19,black,perfect
171,171,176,grey,perfect
28,40,19,black,poor
57,34,42,brown,poor
217,255,203,green,good
26,25,24,black,perfect
255,246,215,orange,poor
223,249,225,green,good
96,110,127,grey,poor
93,222,170,green,good
177,233,225,blue,poor
32,152,140,green,poor
184,183,255,purple,perfect
15,50,42,black,perfect
213,116,142,red,good
65,43,48,black,perfect
22,4,6,black,perfect
62,54,64,black,perfect
89,204,239,blue,perfect
129,169,144,green,good
203,198,236,purple,perfect
77,172,48,green,perfect
154,158,158,grey,perfect
233,253,210,green,good
37,28,58,black,perfect
203,244,250,blue,perfect
229,216,249,purple,perfect
30,153,180,blue,good
234,188,215,red,poor
244,217,251,purple,good
224,255,249,blue,poor
90,188,114,green,good
96,114,135,grey,poor
26,22,27,black,perfect
134,70,102,purple,poor
219,33,236,purple,good
70,53,174,blue,poor
81,64,251,blue,good
26,73,27,green,poor
255,204,218,red,poor
126,87,66,brown,good
117,31,140,purple,good
37,60,45,black,good
85,54,107,purple,good
17,112,57,green,good
73,71,147,purple,good
149,9,79,red,poor
52,24,95,purple,poor
8,3,5,black,perfect
110,104,91,grey,good
7,17,5,black,perfect
60,253,19,green,good
254,250,247,white,good
77,141,75,green,good
82,87,88,grey,good
29,32,30,black,perfect
170,109,214,purple,good
135,176,195,blue,poor
251,53,226,purple,poor
128,247,213,green,poor
136,248,46,green,good
64,242,30,green,good
101,216,232,blue,good
192,193,196,grey,good
231,172,94,red,poor
42,44,40,black,perfect
140,147,89,green,good
195,210,180,green,poor
132,63,130,purple,perfect
255,245,244,white,good
102,147,172,blue,good
154,222,2,green,good
148,38,67,red,poor
171,0,6,red,perfect
15,1,4,black,perfect
231,121,173,red,poor
84,52,133,purple,perfect
147,204,21,green,good
218,177,116,brown,good
20,19,33,grey,perfect
91,111,249,blue,good
33,18,30,black,perfect
128,89,144,purple,good
119,212,183,blue,poor
104,249,94,green,good
0,0,0,black,perfect
187,103,13,brown,good
198,254,237,blue,good
182,173,179,grey,good
114,185,197,brown,good
114,185,197,blue,good
143,86,65,brown,perfect
89,29,16,brown,perfect
187,184,178,grey,perfect
217,237,220,green,good
241,70,53,red,perfect
138,99,144,purple,perfect
127,153,252,blue,perfect
132,190,251,blue,perfect
85,117,121,grey,good
83,233,255,blue,perfect
190,167,173,grey,good
123,114,126,grey,good
12,5,13,black,perfect
130,201,110,green,perfect
142,92,247,purple,perfect
175,172,177,grey,perfect
170,91,75,brown,good
150,243,154,green,perfect
122,145,142,grey,good
172,189,179,grey,good
58,13,7,red,poor
236,145,101,orange,poor
196,177,169,blue,poor
185,213,223,blue,good
71,240,176,blue,perfect
225,204,244,green,perfect
77,132,154,purple,perfect
96,28,19,brown,good
24,160,209,black,good
154,87,170,grey,good
248,208,229,white,good
150,137,133,brown,poor
57,38,114,purple,poor
69,3,126,blue,good
214,232,120,green,good
232,235,232,green,perfect
86,104,129,green,perfect
119,128,255,blue,poor
164,112,46,brown,poor
185,173,166,grey,poor
236,201,206,red,poor
239,78,230,purple,good
218,204,245,brown,poor
33,38,30,black,perfect
48,240,147,green,good
112,196,93,green,good
238,241,240,white,perfect
111,238,160,green,good
7,36,17,black,perfect
233,199,167,brown,poor
29,131,188,blue,good
190,180,197,grey,poor
229,251,6,yellow,perfect
20,42,38,black,perfect
169,148,154,black,perfect
231,254,36,brown,perfect
138,104,19,green,good
233,197,189,purple,poor
74,136,69,red,poor
46,51,63,black,good
18,197,140,green,good
224,213,218,purple,poor
185,124,166,purple,poor
251,112,249,purple,good
140,253,113,green,good
66,84,231,blue,perfect
21,166,13,green,perfect
222,138,184,red,good
189,171,162,grey,poor
135,75,104,red,poor
164,255,241,green,poor
0,9,11,black,good
38,39,42,black,good
206,101,141,red,good
72,76,77,grey,good
193,57,247,purple,good
116,119,157,grey,poor
117,122,146,grey,poor
148,87,130,purple,poor
2,1,1,black,perfect
14,15,14,black,perfect
8,16,200,blue,good
89,89,126,grey,good
190,253,146,green,poor
27,66,222,blue,good
103,165,202,blue,poor
251,242,247,red,poor
150,228,41,green,good
108,139,187,blue,good
132,212,206,green,poor
26,45,155,blue,perfect
60,255,170,green,good
70,66,33,brown,good
118,43,236,purple,good
161,36,180,purple,perfect
255,109,146,red,poor
24,44,44,black,perfect
109,109,109,grey,good
112,221,197,green,good
194,58,85,red,good
29,38,31,black,perfect
200,204,140,brown,poor
100,10,66,purple,good
220,255,251,blue,poor
241,95,218,red,poor
37,67,109,purple,good
111,188,51,green,good
54,38,36,black,good
203,198,202,grey,perfect
95,34,46,purple,poor
84,123,133,blue,poor
238,247,194,white,poor
17,13,16,black,perfect
20,39,72,black,perfect
137,146,98,grey,good
12,45,42,black,good
13,13,12,black,good
63,124,49,green,poor
138,106,102,purple,good
154,156,156,grey,poor
223,254,248,blue,poor
164,226,54,green,good
124,179,205,blue,good
105,36,121,blue,good
241,254,253,white,poor
36,36,38,black,good
217,255,75,green,poor
162,246,20,green,good
52,74,55,black,good
235,156,167,purple,poor
144,117,252,blue,good
186,121,189,purple,good
118,240,231,blue,good
187,250,24,green,good
163,168,159,grey,poor
39,16,57,purple,good
176,99,147,purple,good
213,201,184,grey,good
168,243,236,blue,good
59,80,95,purple,good
254,89,137,red,poor
220,223,232,blue,poor
71,145,29,green,good
23,20,24,black,good
227,231,94,yellow,poor
32,129,45,green,good
46,51,172,blue,good
198,230,121,green,good
175,154,114,brown,good
239,22,134,red,poor
20,241,26,green,perfect
255,141,175,red,poor
148,190,250,blue,good
215,203,106,brown,poor
253,186,255,purple,poor
233,254,24,yellow,good
164,220,176,green,good
215,152,186,purple,perfect
32,14,28,black,perfect
52,13,3,black,perfect
106,51,123,purple,perfect
19,35,39,black,perfect
57,15,17,red,good
51,34,29,black,good
28,71,82,blue,good
34,33,28,black,good
99,232,215,blue,good
52,33,112,blue,good
24,97,235,blue,good
164,113,135,purple,good
239,184,198,purple,poor
100,206,235,blue,good
33,20,19,black,perfect
244,190,209,purple,poor
192,241,192,green,poor
58,63,62,black,good
234,238,252,grey,good
112,58,53,red,good
247,90,254,purple,poor
40,54,165,blue,good
11,45,225,blue,good
73,254,7,green,perfect
232,165,203,purple,poor
72,137,140,green,poor
167,37,213,purple,perfect
11,42,81,blue,good
91,87,88,grey,good
210,173,215,purple,good
103,180,3,green,perfect
39,117,209,red,poor
166,253,92,green,good
159,231,242,blue,perfect
5,77,10,green,perfect
243,232,209,grey,good
58,60,64,blue,good
84,79,85,blue,good
28,24,26,black,poor
105,51,156,purple,good
63,19,212,blue,perfect
38,37,14,black,perfect
57,175,250,blue,good
97,83,134,purple,good
2,3,3,black,poor
239,27,252,purple,perfect
244,234,66,yellow,good
255,224,190,purple,good
82,41,134,purple,good
81,127,132,blue,good
150,9,71,purple,perfect
122,60,76,purple,perfect
33,38,43,black,perfect
197,243,255,blue,good
213,209,226,grey,good
13,34,37,black,perfect
117,33,201,purple,good
255,250,255,white,good
150,255,68,green,perfect
130,127,66,green,good
15,31,47,black,perfect
235,44,20,red,perfect
19,17,22,black,perfect
214,244,250,blue,perfect
54,122,73,green,perfect
69,122,162,red,poor
11,253,156,red,good
170,250,148,red,perfect
61,57,68,red,perfect
16,43,67,red,perfect
4,170,221,red,perfect
255,169,36,red,perfect
32,32,32,red,perfect
40,55,53,red,perfect
40,43,151,red,perfect
237,169,134,red,perfect
20,87,38,green,good
151,152,152,grey,good
218,254,237,green,poor
116,183,74,green,poor
19,18,21,black,good
227,219,200,white,poor
88,94,92,grey,poor
254,55,76,red,poor
61,194,61,green,perfect
15,141,169,blue,good
72,252,61,green,perfect
253,81,161,red,poor
128,202,16,green,good
16,199,123,green,poor
4,11,2,black,perfect
28,7,27,purple,poor
202,195,74,yellow,poor
177,180,201,grey,good
127,107,162,purple,good
195,111,87,red,poor
183,124,127,orange,poor
11,67,41,red,poor
152,17,226,red,good
45,14,28,red,good
255,57,27,red,good
40,46,76,red,good
166,183,251,red,good
245,165,30,red,good
248,222,255,red,good
127,253,55,red,good
50,216,97,red,good
36,11,245,red,good
205,223,201,red,poor
151,246,15,green,poor
34,187,112,green,good
169,236,143,green,poor
246,38,147,red,poor
200,170,157,brown,poor
71,31,95,purple,poor
186,44,225,purple,poor
150,64,8,brown,good
19,18,18,black,good
202,217,197,white,poor
169,175,182,grey,perfect
128,21,50,brown,poor
130,20,125,purple,good
5,4,5,black,perfect
16,6,81,black,good
152,148,104,brown,poor
124,28,49,red,poor
255,242,214,yellow,poor
247,252,174,yellow,good
166,167,109,yellow,poor
56,44,57,black,perfect
15,80,72,green,poor
1,36,39,black,good
7,153,196,blue,good
2,22,28,black,perfect
26,23,22,black,perfect
244,159,114,orange,poor
27,53,76,blue,poor
222,168,254,purple,perfect
80,155,234,blue,perfect
